campaign,cloud_id,flight_id,duration_s,H_m,cloud_depth,lat_median,lon_median,Nd_median,re_cas_median,re_full_median,tau_main,tau_full,tau_diff,f_ad_mean,f_ad_median,k_median,c_w_median,LWP_insitu,drizzle_regime,drizzle_fraction,dominant_mixing_regime,mean_z_drizzle,min_z_drizzle,max_z_drizzle,match_status,modis_file,delta_t_min,n_pixels_valid_21,n_pixels_valid_37,Re_MODIS_21,Re_MODIS_37,tau_MODIS_21,tau_MODIS_37,Re_MODIS_21_paired37,tau_MODIS_21_paired37,dRe_37_21,dtau_37_21,SZA_mean,VZA_mean,LWP_MODIS,CTT_MODIS,CTP_MODIS,Nd_MODIS_21_calc,Nd_MODIS_37_calc,Nd_MODIS_21_paired37_calc,Nd_MODIS_21_lit,Nd_MODIS_37_lit,Nd_MODIS_21_paired37_lit,bias_21_calc,bias_37_calc,dNd_calc,bias_21_lit,bias_37_lit,dNd_lit,inflation_21,drizzle_regime_clean,drizzle_state
POST,RF01_P10,RF01,448.0,512.4059753417969,611.6748352050781,37.04674530029297,-123.76644897460938,176.49451945722103,8.765292707266912,8.938025430291463,18.709832053384407,15.542482963470622,3.1673490899137846,0.2407726675094776,0.2407726675094776,0.4680432348602524,0.0037931105594799,124.80118697168896,non_drizzling,0.0089086859688195,strongly_mixed,0.4626655554425228,0.3882125857035653,0.5842873857333608,MATCHED,MOD06_L2.A2008198.1945.061.2017292134601.hdf,87.0,155.0,155.0,9.415870666503906,9.770966529846191,29.481353759765625,29.699546813964844,9.415870666503906,29.481353759765625,0.3550958633422851,0.2181930541992187,17.52402114868164,53.3529052734375,176.3225860595703,282.800048828125,930.0,324.28585547786884,296.713019880783,324.28585547786884,269.2970278026879,246.39969031800044,269.2970278026879,1.8373706813965385,1.6811457987096348,27.572835597085827,1.5258095754523442,1.3960755896316832,22.897337484687483,0.8304310017032683,non_drizzling,Non
POST,RF02_P02,RF02,184.0,208.9173889160156,208.9173889160156,36.93018341064453,-122.42384338378906,258.1372406631708,8.308275149993921,8.729329751132479,9.026550987386182,8.77354905702972,0.2530019303564614,0.6314187761596701,0.6314187761596701,0.7186046654156499,0.0034563446544057,59.26809109693821,weak_drizzling,0.0162162162162162,sub_adiabatic,0.6819804680403497,0.5553834532517378,0.8993338967642367,MATCHED,MOD06_L2.A2008199.1850.061.2017292150009.hdf,61.3,287.0,287.0,7.281950950622559,7.382021427154541,12.746411323547363,12.749338150024414,7.281950950622559,12.746411323547363,0.1000704765319824,0.0029268264770507,24.21853828430176,24.33756828308105,58.62369155883789,281.88067626953125,848.6585083007812,408.1708275164184,394.5235543402609,408.1708275164184,336.6539013397233,325.3978108803493,336.6539013397233,1.5812163578869975,1.528348073012267,13.647273176157457,1.3041663437434996,1.2605612814500606,11.25609045937398,0.8247867771152305,weak_drizzling,Transition
POST,RF02_P04,RF02,2925.0,273.7406311035156,273.7406311035156,36.88456726074219,-123.91829299926758,153.93473621830344,7.454079223996218,7.980978012424098,6.002392566575465,5.3630772848882975,0.6393152816871677,0.2795364398937339,0.2795364398937339,0.8532942994097906,0.0034761935301814,44.860161262876254,weak_drizzling,0.0225563909774436,strongly_mixed,0.4099996319572206,0.1242332677137995,0.7065882814928909,MATCHED,MOD06_L2.A2008199.1850.061.2017292150009.hdf,17.0,287.0,287.0,8.183484077453613,8.10567855834961,10.027874946594238,9.984843254089355,8.183484077453613,10.027874946594238,-0.0778055191040039,-0.0430316925048828,25.15726089477539,33.52504348754883,51.843204498291016,281.6000061035156,907.526123046875,151.95721675448218,155.29578301631946,151.95721675448218,223.0323759024116,227.9324943791028,223.0323759024116,0.9871535203008576,1.0088417132575318,-3.338566261837286,1.448876201574912,1.4807086430177718,-4.900118476691205,1.467731382990291,weak_drizzling,Transition
POST,RF02_P15,RF02,3137.0,229.671875,229.671875,36.3360710144043,-123.85214614868164,122.78040581941605,8.655264678401565,9.014994690516616,5.082057830650876,4.823569497157961,0.2584883334929149,0.3576981032403867,0.3576981032403867,0.8615180743624091,0.0034400851833791,40.69341541348152,weak_drizzling,0.0165710643722116,strongly_mixed,0.3040376946113132,0.0817643000291282,0.4670524483174739,MATCHED,MOD06_L2.A2008199.1850.061.2017292150009.hdf,88.9,289.0,289.0,11.846885681152344,12.047647476196287,13.444221496582031,13.48934268951416,11.846885681152344,13.444221496582031,0.2007617950439453,0.0451211929321289,24.833620071411133,32.52791976928711,102.14533233642578,281.09002685546875,905.0,77.77248843694522,74.69790567020254,77.77248843694522,102.41566653717696,98.36686406591537,102.41566653717696,0.6334275238618454,0.6083862092789246,3.0745827667426795,0.8341368954897307,0.8011609296241631,4.048802471261595,1.3168624097737522,weak_drizzling,Transition
POST,RF02_P28,RF02,1130.0,205.6005249023437,208.9912109375,36.0716667175293,-123.75154113769533,91.81849583610892,8.381008526414641,9.021905394631933,5.693237557020333,4.7713187014456055,0.9219188555747272,0.3765752029269703,0.3765752029269703,0.8557940891808353,0.0034502805535695,36.8261706392954,non_drizzling,0.008841732979664,strongly_mixed,0.4149619862926495,0.2505495190718155,0.5972137984574769,MATCHED,MYD06_L2.A2008199.2205.061.2018036015202.hdf,57.7,103.0,103.0,7.737959861755371,8.496116638183594,5.364076614379883,5.509028911590576,7.737959861755371,5.364076614379883,0.7581567764282227,0.1449522972106933,27.8045597076416,58.22799301147461,26.145631790161133,281.6999206542969,905.0,147.38565728099474,118.23887228024618,147.38565728099474,187.62485301519231,150.5204199752479,187.62485301519231,1.605184837095025,1.2877456900546074,29.14678500074855,2.0434320047029804,1.639325700171769,37.10443303994441,1.2730197529158516,non_drizzling,Non
POST,RF04_P01,RF04,300.0,481.1006164550781,481.1006164550781,36.98857498168945,-122.4229965209961,109.31971748173235,11.2374727880972,11.797669612532284,23.73326070414989,22.678127532812205,1.0551331713376868,0.3827405278147224,0.3827405278147224,0.8451812648943812,0.0032415025170804,172.07143237794625,heavy_drizzling,0.4684385382059801,strongly_mixed,0.5346375641994394,0.0,0.924367695405546,MATCHED,MOD06_L2.A2008203.1825.061.2017292174501.hdf,34.6,140.0,140.0,15.040571212768556,16.0511417388916,18.1267147064209,18.29385757446289,15.040571212768556,18.1267147064209,1.0105705261230469,0.1671428680419922,28.99145126342773,54.80533981323242,172.6999969482422,278.9659729003906,809.1071166992188,50.89374458094367,43.456375818938106,50.89374458094367,65.47986639275358,55.91095145321284,65.47986639275358,0.4655495436077043,0.3975163567926325,7.437368762005562,0.5989758105960661,0.5114443463737978,9.56891493954074,1.286599501213975,heavy_drizzling,Heavy
POST,RF04_P04,RF04,147.0,393.2989501953125,393.2989501953125,37.22087097167969,-123.16558456420898,61.070148691535,12.833512490374932,15.30481981772088,9.23144154475825,8.106365952021957,1.1250755927362928,0.3094871206765138,0.3094871206765138,0.732387696764107,0.0031799394218791,79.80007449279583,heavy_drizzling,0.7635135135135135,strongly_mixed,0.4093002678992762,0.0,0.9465826894337356,MATCHED,MOD06_L2.A2008203.1825.061.2017292174501.hdf,10.1,124.0,124.0,15.725645065307615,16.94717788696289,13.397337913513184,13.495481491088867,15.725645065307615,13.397337913513184,1.2215328216552734,0.0981435775756836,29.633852005004883,57.33624649047852,136.53225708007812,278.6900329589844,855.0,40.23165442684961,33.49118631836072,40.23165442684961,50.36132446067301,41.92371715208861,50.36132446067301,0.6587777382049531,0.5484051870828827,6.740468108488891,0.8246471564208528,0.6864846090983844,8.437607308584397,1.2517835813150928,heavy_drizzling,Heavy
POST,RF04_P05,RF04,384.0,399.658447265625,401.2059326171875,36.99729537963867,-123.79724884033205,103.051180485636,10.083171513310395,10.88187954265444,12.260611329066526,11.90874840565633,0.3518629234101951,0.540629663747622,0.540629663747622,0.799749721138323,0.0031294730385895,103.59550870654782,weak_drizzling,0.0363636363636363,sub_adiabatic,0.3991427019268384,0.175760615663104,0.6291032285621577,MATCHED,MOD06_L2.A2008203.1825.061.2017292174501.hdf,9.6,114.0,114.0,12.954562187194824,14.379297256469728,19.29587745666504,19.659648895263672,12.954562187194824,19.29587745666504,1.4247350692749023,0.3637714385986328,29.97027969360352,59.12374114990234,162.1666717529297,278.0938415527344,855.0,94.12326792019812,73.19228501193577,94.12326792019812,98.12608600914744,76.30496276836158,98.12608600914744,0.9133642863345722,0.7102517862193517,20.93098290826235,0.9522072968666764,0.7404569497289505,21.82112324078585,1.0425274023883562,weak_drizzling,Transition
POST,RF04_P15,RF04,128.0,242.23504638671875,242.2350463867189,37.16957092285156,-123.28142547607422,84.25490291416645,11.08472316448348,11.892797600259527,6.047068725506602,5.498859827919941,0.5482088975866608,0.3843285457013347,0.3843285457013347,0.7896263166725139,0.0031144108912912,44.44544980199477,heavy_drizzling,0.5038759689922481,strongly_mixed,0.3807694119914074,0.0061701596385185,0.8238911766062056,MATCHED,MYD06_L2.A2008203.2140.061.2018036023957.hdf,56.8,240.0,239.0,14.288041114807127,14.818744659423828,7.03054141998291,7.08958101272583,14.276945114135742,7.043179512023926,0.5417995452880859,0.0464015007019043,24.977277755737305,34.97101593017578,64.5374984741211,279.8363037109375,879.6875,37.88527598851148,34.728781486593924,37.99303186297914,46.363020064782674,42.50018380166141,46.49488891461122,0.4496506989878867,0.412187069065564,3.2642503763852133,0.5502708858618516,0.5044238653382332,3.994705112949809,1.223774114218992,heavy_drizzling,Heavy
POST,RF07_P14,RF07,474.0,208.84149169921875,224.14404296875,35.77820587158203,-122.99646759033205,10.725241057574747,10.198959145414724,10.671831522913578,4.269644757874268,4.007270469770177,0.2623742881040911,0.3754612576775505,0.3754612576775505,0.7738775798517424,0.003853390410858,37.29464664239999,moderate_drizzling,0.071578947368421,strongly_mixed,0.4963139978416311,0.2575448605249407,0.6050795952971364,MATCHED,MYD06_L2.A2008212.2135.061.2018035225523.hdf,69.6,335.0,335.0,14.667791366577148,16.17047882080078,8.619880676269531,8.761820793151855,14.667791366577148,8.619880676269531,1.5026874542236328,0.1419401168823242,24.79081153869629,25.1239070892334,80.94029998779297,287.0296630859375,985.0,44.07179707362392,34.81864979630277,44.07179707362392,48.07816433445324,37.98385538973825,48.07816433445324,4.109166109837505,3.2464211861897456,9.253147277321148,4.482711770892816,3.5415386177182464,10.094308944714989,1.0909054662358448,moderate_drizzling,Transition
POST,RF07_P17,RF07,1573.0,295.47120666503906,297.28977966308594,35.70256233215332,-122.59539031982422,38.21652778238058,10.843161180226494,11.400171673335482,5.56688272356898,5.020718720015368,0.5461640035536126,0.278001656773759,0.278001656773759,0.7469652058373547,0.0038690231861178,52.8087058620141,moderate_drizzling,0.0571791613722998,strongly_mixed,0.2244616416921614,0.0,0.7335739376577632,MATCHED,MYD06_L2.A2008212.2135.061.2018035225523.hdf,35.3,314.0,314.0,12.962705612182615,14.270700454711914,7.897548198699951,8.03843879699707,12.962705612182615,7.897548198699951,1.3079948425292969,0.1408905982971191,24.956199645996094,27.43399810791016,65.28025817871094,286.0321960449219,985.0,51.32407356888009,40.7180293130131,51.32407356888009,62.678133870109605,49.72578976575126,62.678133870109605,1.3429810751290343,1.0654560127721968,10.60604425586699,1.6400792407678346,1.301159279799274,12.952344104358346,1.2212228981784088,moderate_drizzling,Transition
POST,RF07_P21,RF07,1023.0,282.13661193847656,293.3343048095703,35.57516860961914,-122.3121337890625,45.743579261004925,11.244934212033728,11.531986150083185,7.495207868544037,7.027580102674943,0.4676277658690946,0.3302991967465012,0.3302991967465012,0.7866282228767175,0.0038392710510856,57.70959752216393,weak_drizzling,0.0244140625,strongly_mixed,0.4079733263667831,0.0311152588018495,0.679065237030017,MATCHED,MYD06_L2.A2008212.2135.061.2018035225523.hdf,5.2,314.0,314.0,12.760126113891602,14.115604400634766,11.051496505737305,11.252325057983398,12.760126113891602,11.051496505737305,1.355478286743164,0.2008285522460937,25.070476531982425,29.17563819885254,90.02229309082031,284.5954284667969,981.6560668945312,65.11362683954609,51.04711430177395,65.11362683954609,77.12269353305547,60.4618594160621,77.12269353305547,1.4234484465681847,1.1159405347471385,14.066512537772134,1.6859785521593482,1.3217561981994723,16.660834116993364,1.184432464852592,weak_drizzling,Transition
POST,RF07_P22,RF07,1247.0,233.870834350586,265.4129333496094,36.03792572021485,-122.25948333740234,17.967455495148897,9.289383426471456,9.92193509542925,5.7297199951532685,5.496704308122683,0.2330156870305852,0.413635793471192,0.413635793471192,0.8098917797575361,0.0038484497603177,50.34940929480753,weak_drizzling,0.0192307692307692,sub_adiabatic,0.5091558151758367,0.2369308024116327,0.6550138716064737,MATCHED,MYD06_L2.A2008212.2135.061.2018035225523.hdf,21.1,303.0,303.0,12.974058151245115,14.019009590148926,7.103168487548828,7.205940246582031,12.974058151245115,7.103168487548828,1.0449514389038086,0.1027717590332031,25.423145294189453,30.319486618041992,58.891090393066406,285.2823181152344,985.0,54.49436168571337,45.223805882800605,54.49436168571337,59.31240282467869,49.2222040741687,59.31240282467869,3.032948193494984,2.5169844386151814,9.270555802912767,3.3011019752180646,2.739520022045325,10.090198750509993,1.088413571421435,weak_drizzling,Transition
POST,RF08_P05,RF08,1879.0,343.7802429199219,345.8184509277344,36.708744049072266,-123.26029586791992,15.595689833164217,12.09140375966045,13.036825205624387,5.558747770494396,4.755696624285851,0.8030511462085448,0.2277521719052605,0.2277521719052605,0.6972236272652246,0.0037789431477867,50.89768263598526,moderate_drizzling,0.0622340425531914,strongly_mixed,0.3731987252719795,0.0215584077353584,0.7602007130686325,MATCHED,MOD06_L2.A2008214.1945.061.2017292232001.hdf,70.0,126.0,125.0,13.9431734085083,13.680479049682615,6.272063255310059,6.280879974365234,13.936159133911133,6.289999961853027,-0.2556800842285156,-0.0091199874877929,20.256244659423828,55.41957473754883,56.0476188659668,286.3171081542969,1015.0,36.52881854719956,38.33464683085168,36.627060194432055,46.54898372410855,48.85016604336813,46.67417388957056,2.342238075902296,2.458028291209863,-1.7075866364196202,2.9847338734014954,3.1322863282064195,-2.17599215379758,1.2743084932780335,moderate_drizzling,Transition
POST,RF08_P09,RF08,330.0,274.8371887207031,283.8434143066406,36.43804550170898,-123.24544525146484,17.51418410986662,10.660925585849998,11.526263437809977,6.341388826194738,5.798288065956081,0.5431007602386568,0.2593758360526567,0.2593758360526567,0.7770938684366857,0.0038629256484434,49.11171621961344,moderate_drizzling,0.0755287009063444,strongly_mixed,0.1090363476643349,0.017881118832208,0.285445185147013,MATCHED,MOD06_L2.A2008214.1945.061.2017292232001.hdf,32.7,136.0,136.0,12.83558750152588,13.161690711975098,9.271690368652344,9.305367469787598,12.83558750152588,9.271690368652344,0.3261032104492187,0.0336771011352539,19.98953628540039,55.88063049316406,75.86764526367188,286.2047119140625,985.6617431640624,52.87856561670341,49.75390203836678,52.87856561670341,69.60639491424959,65.49326203193162,69.60639491424959,3.019185209256437,2.84077760780977,3.12466357833663,3.974287039442324,3.739441222102717,4.11313288231797,1.3163442332910438,moderate_drizzling,Transition
POST,RF08_P11,RF08,1971.0,337.6985168457031,357.1133117675782,36.36109733581543,-122.72160339355467,28.87337104976177,11.62480404378488,12.338779863726238,7.340738036166169,6.577005238117686,0.7637327980484825,0.2064253951815236,0.2064253951815236,0.6330210508478196,0.0038634379671921,58.05666174755624,weak_drizzling,0.0339756592292089,strongly_mixed,0.4410774093759098,0.0224111671076504,0.6939515794013045,MATCHED,MOD06_L2.A2008214.1945.061.2017292232001.hdf,4.8,129.0,129.0,12.131549835205078,12.493642807006836,7.548527240753174,7.581705570220947,12.131549835205078,7.548527240753174,0.3620929718017578,0.0331783294677734,19.738412857055664,57.53559494018555,58.12403106689453,284.30828857421875,962.7131958007812,60.17012508680863,56.027502244984056,60.17012508680863,72.31850794657086,67.33948717049776,72.31850794657086,2.08393141843772,1.940455866702352,4.142622841824576,2.504678370320308,2.3322350221746406,4.979020776073099,1.2019005751149014,weak_drizzling,Transition
POST,RF08_P28,RF08,1810.0,243.91668701171875,279.319091796875,35.91582107543945,-122.277099609375,49.22671055793762,7.708115996814256,8.343937747074913,3.680375928258903,3.4649736811651985,0.2154022470937042,0.220137147602798,0.220137147602798,0.6338326439784181,0.0038139367494613,27.625216622311505,non_drizzling,0.0099392600773053,strongly_mixed,0.298903776451438,0.2275386856805527,0.3921469250275657,MATCHED,MYD06_L2.A2008214.2125.061.2018036041913.hdf,20.1,337.0,337.0,10.252789497375488,10.734658241271973,5.629703044891357,5.6841535568237305,10.252789497375488,5.629703044891357,0.4818687438964844,0.054450511932373,23.891990661621094,7.900867462158203,36.44807052612305,285.25,1013.0415649414062,81.09360091553148,72.64593016497643,81.09360091553148,95.11449403770932,85.20624085663363,95.11449403770932,1.6473495790479025,1.4757421193007696,8.447670750555048,1.93217245190015,1.7308944654416776,9.908253181075708,1.1728976511572382,non_drizzling,Non
POST,RF10_P01,RF10,191.0,338.05540466308594,338.05540466308594,36.7825813293457,-122.05447006225586,200.89851972460747,9.69254719393798,10.431735542684928,12.147169818155824,11.12102037641039,1.026149441745433,0.3953300905656634,0.3953300905656634,0.6559855707071445,0.0034359649320784,75.87298873198452,heavy_drizzling,0.2447916666666666,strongly_mixed,0.3092342858451801,0.0,0.9904376473918812,MATCHED,MOD06_L2.A2008217.1835.061.2017292233427.hdf,71.3,246.0,246.0,10.236746788024902,10.747967720031738,13.628739356994627,13.751097679138184,10.236746788024902,13.628739356994627,0.5112209320068359,0.1223583221435546,28.796987533569336,40.2145881652832,91.16666412353516,280.82281494140625,757.8455200195312,155.6765102055932,138.43724460043308,155.6765102055932,148.57030031983064,132.1179603690604,148.57030031983064,0.77490123082537,0.6890904163465387,17.239265605160114,0.7395290942088146,0.657635310355538,16.452339950770238,0.9543527159211252,heavy_drizzling,Heavy
POST,RF10_P04,RF10,153.0,351.3593139648437,351.3593139648437,36.937110900878906,-123.25431442260742,284.16353864222765,8.853518961073856,9.323344447145445,18.37587979325218,17.644872499015264,0.7310072942369175,0.5057024160859522,0.5057024160859522,0.7691297772126832,0.0034812670365641,109.61297871328247,heavy_drizzling,0.1818181818181818,sub_adiabatic,0.3770731630932431,0.0067942044977036,0.6349959898698397,MATCHED,MOD06_L2.A2008217.1835.061.2017292233427.hdf,33.9,194.0,194.0,10.366495132446287,9.85226821899414,25.00185203552246,24.718246459960938,10.366495132446287,25.00185203552246,-0.5142269134521484,-0.2836055755615234,29.663768768310547,46.05572509765625,164.59793090820312,281.800048828125,905.0,198.3868645889276,224.01389441323985,198.3868645889276,194.9913205788592,220.17972404655208,194.9913205788592,0.6981432788205243,0.7883273676968162,-25.62702982431228,0.6861940188053487,0.7748345375293431,-25.188403467692893,0.982884229673652,heavy_drizzling,Heavy
POST,RF10_P05,RF10,2441.0,363.0013427734375,363.00134277343744,36.61138343811035,-123.4094467163086,226.87233866006136,8.993349077882325,9.196826247528838,13.301595141309791,12.793695630892548,0.5078995104172428,0.4613355960692593,0.4613355960692593,0.7793862066019351,0.0034407056139839,116.69757723278936,weak_drizzling,0.0335790335790335,sub_adiabatic,0.4519877588414556,0.0884509094521531,0.6933340603622713,MATCHED,MOD06_L2.A2008217.1835.061.2017292233427.hdf,8.1,195.0,195.0,9.804051399230955,9.18446159362793,22.345537185668945,22.00959014892578,9.804051399230955,22.345537185668945,-0.6195898056030273,-0.335947036743164,29.5512924194336,46.43245697021485,139.09744262695312,281.7440185546875,905.0,202.04639801494824,236.0703168595132,202.04639801494824,211.92905991060803,247.6171850444696,211.92905991060803,0.8905730826783975,1.0405425282508052,-34.02391884456492,0.9341335359008052,1.0914384120467489,-35.688125133861575,1.0489128338478406,weak_drizzling,Transition
POST,RF10_P07,RF10,317.0,275.40362548828125,275.40362548828125,36.54305839538574,-122.90763092041016,224.3382294178009,8.742903048528962,9.06411097096212,10.48333472865842,9.930750954174366,0.552583774484054,0.4144828507033786,0.4144828507033786,0.6659239721898761,0.0034365720950222,62.06831320797443,moderate_drizzling,0.0566037735849056,sub_adiabatic,0.3058081108720727,0.0,0.6228428277028897,MATCHED,MOD06_L2.A2008217.1835.061.2017292233427.hdf,52.4,208.0,208.0,9.82120132446289,9.809662818908691,18.264278411865234,18.257884979248047,9.82120132446289,18.264278411865234,-0.0115385055541992,-0.0063934326171875,29.19243621826172,44.12953567504883,113.78365325927734,281.9999389648437,905.0,201.63746310070687,202.1955220860605,201.63746310070687,190.76503894418644,191.29300702331744,190.76503894418644,0.8988100852181696,0.9012976638479993,-0.55805898535354,0.8503456563745596,0.8526991031343971,-0.527968079131,0.946079344635028,moderate_drizzling,Transition
POST,RF10_P08,RF10,1938.0,282.69683837890625,282.69683837890625,36.263916015625,-123.22479248046876,192.8507364690304,8.894679237155348,9.058391076416331,11.661729973835492,11.36933415112711,0.2923958227083822,0.5120476933549134,0.5120476933549134,0.7685328982261466,0.0034008594495719,79.18660988327292,non_drizzling,0.003094378545642,sub_adiabatic,0.5179827073519392,0.3603801421440725,0.6208531135323169,MATCHED,MOD06_L2.A2008217.1835.061.2017292233427.hdf,78.2,210.0,210.0,9.194808959960938,9.203380584716797,17.52261734008789,17.518001556396484,9.194808959960938,17.52261734008789,0.0085716247558593,-0.0046157836914062,29.198808670043945,45.10939025878906,102.1904754638672,282.34002685546875,905.0,223.1104615470442,222.56201684993573,223.1104615470442,220.3189093704846,219.777326798878,220.3189093704846,1.1569074903837515,1.1540636085964682,0.5484446971084651,1.142432294552659,1.13962399533886,0.5415825716065683,0.9874880265263984,non_drizzling,Non
POST,RF10_P14,RF10,407.0,286.0216979980469,288.0298156738281,35.99059867858887,-123.25606155395508,214.59677362442017,8.650740080539173,8.96423149788964,11.49578359772706,11.138705087674223,0.3570785100528368,0.440467092744598,0.440467092744598,0.7099126388589101,0.0034450141042719,73.57379972153278,non_drizzling,0.0073529411764705,sub_adiabatic,0.5119031024974068,0.4148857248421341,0.6402094997939877,MATCHED,MYD06_L2.A2008217.2155.061.2018036072146.hdf,80.8,185.0,185.0,8.811620712280273,8.897621154785156,12.074108123779297,12.088540077209473,8.811620712280273,12.074108123779297,0.0860004425048828,0.0144319534301757,28.75560569763184,48.96127700805664,67.69729614257812,281.112548828125,905.0,208.1735299411689,203.3010470949413,208.1735299411689,203.42161741210296,198.66035721887644,203.42161741210296,0.9700683119565768,0.9473630179116848,4.8724828462275696,0.9479248638105084,0.925737856462674,4.761260193226519,0.9771733105049002,non_drizzling,Non
POST,RF10_P16,RF10,1802.0,206.21636962890625,207.3767700195312,36.05550765991211,-122.87127685546876,212.58039164543152,7.83265042183741,8.128789018961125,5.418973358731793,5.253028971596438,0.1659443871353554,0.4698433527456473,0.4698433527456473,0.6843422228664694,0.0034099317842356,43.29919661348699,non_drizzling,0.0055463117027176,sub_adiabatic,0.2859579260426036,0.0748811535343615,0.4626823429757166,MATCHED,MYD06_L2.A2008217.2155.061.2018036072146.hdf,56.0,179.0,179.0,8.262737274169922,8.283575057983398,11.110111236572266,11.114022254943848,8.262737274169922,11.110111236572266,0.0208377838134765,0.003911018371582,29.00609970092773,50.39950180053711,58.91061401367188,281.9897766113281,905.0,249.98591080762984,248.46046314608856,249.98591080762984,229.1703374417238,227.77190920944585,229.1703374417238,1.1759594046876534,1.1687835421834314,1.52544766154125,1.0780408092575309,1.071462459196861,1.398428232277979,0.9167330138780336,non_drizzling,Non
POST,RF10_P20,RF10,766.0,257.7651672363281,261.66746520996094,36.24894714355469,-122.37117004394533,24.948413372039795,3.306044227505753,3.360299015779169,7.093214436244235,7.020133134039909,0.0730813022043257,0.3323687264977313,0.3323687264977313,0.7778737738604581,0.003779761192856,38.25834451570961,non_drizzling,0.0065189048239895,strongly_mixed,0.6777528928398734,0.5634931957952092,0.7346663851167086,MATCHED,MYD06_L2.A2008217.2155.061.2018036072146.hdf,0.2,164.0,164.0,7.004451274871826,7.212316513061523,9.884939193725586,9.95115852355957,7.004451274871826,9.884939193725586,0.2078652381896972,0.0662193298339843,29.498897552490234,52.6005859375,43.76829147338867,282.08514404296875,919.0244140625,277.6354821324954,258.9244977596023,277.6354821324954,326.70874937625945,304.6905179271923,326.70874937625945,11.128382314029125,10.378395367209375,18.71098437289311,13.095371818009426,12.212821448143282,22.018231449067173,1.1767543070029678,non_drizzling,Non
POST,RF16_P02,RF16,315.0,286.7935791015625,288.3944091796876,36.67682456970215,-123.53045654296876,136.45791586488485,8.775250199933469,9.157190697729526,12.919599467504142,12.512400529463598,0.4071989380405441,0.46331336945324,0.46331336945324,0.9008863190099632,0.0037321230132276,83.07361266523844,weak_drizzling,0.0253164556962025,sub_adiabatic,0.327925919954661,0.0400255718511132,0.7097424027206003,MATCHED,MOD06_L2.A2008227.1915.061.2017293020113.hdf,45.1,373.0,373.0,11.444584846496582,12.019811630249023,16.2700252532959,16.309167861938477,11.444584846496582,16.2700252532959,0.5752267837524414,0.0391426086425781,26.55196952819824,14.490386009216309,118.5013427734375,283.9100341796875,960.281494140625,105.73762245709932,93.64989240783872,105.73762245709932,122.82960803316767,108.78795370560026,122.82960803316767,0.7748734969820034,0.6862913874528693,12.087730049260584,0.9001281256177812,0.7972271378768361,14.041654327567429,1.1616452609666257,weak_drizzling,Transition
POST,RF16_P03,RF16,1898.0,306.00144958496094,307.4402313232422,36.72991943359375,-123.1278839111328,117.07827349752188,9.595148586266196,9.716209553315844,10.356936467988229,10.123795078892975,0.2331413890952536,0.4119397268416548,0.4119397268416548,0.9088056505469582,0.0037329145136626,85.78068148266733,weak_drizzling,0.0115850447604002,sub_adiabatic,0.5525507537208022,0.3297264325088113,0.7562962702251018,MATCHED,MOD06_L2.A2008227.1915.061.2017293020113.hdf,19.5,363.0,363.0,11.54090976715088,12.280136108398438,14.945619583129885,14.976032257080078,11.54090976715088,14.945619583129885,0.7392263412475586,0.0304126739501953,26.40425682067871,17.148332595825195,109.96969604492188,283.7909240722656,956.611572265625,92.77198007345946,79.5152466319878,92.77198007345946,115.28316964185277,98.80968002764094,115.28316964185277,0.7923927924630961,0.6791631295593955,13.256733441471669,0.9846674895175396,0.8439625651785203,16.473489614211815,1.2426507394858697,weak_drizzling,Transition
POST,RF16_P05,RF16,2804.0,350.9872131347656,350.9872131347656,36.47367477416992,-123.06935119628906,127.24592339247464,9.249340206267282,9.365369936775815,13.075289726157004,12.754146840339455,0.3211428858175491,0.3737157574465667,0.3737157574465667,0.8938072853035873,0.0036483567644595,101.36720043443104,weak_drizzling,0.0210338680926916,strongly_mixed,0.4201490753091576,0.0433456624743263,0.680173857509436,MATCHED,MOD06_L2.A2008227.1915.061.2017293020113.hdf,38.6,359.0,359.0,12.08350944519043,13.038858413696287,18.640945434570312,18.702449798583984,12.08350944519043,18.640945434570312,0.9553489685058594,0.0615043640136718,26.1726303100586,18.32131004333496,143.7325897216797,283.7661437988281,957.7855224609376,88.433508156586,73.23453463030809,88.433508156586,114.7784388360128,95.0515899342694,114.7784388360128,0.6949810712899899,0.5755354095268345,15.19897352627791,0.9020205581124404,0.7469912386984239,19.726848901743423,1.29790665584338,weak_drizzling,Transition
POST,RF16_P13,RF16,337.0,292.21897888183594,292.21897888183594,36.241315841674805,-123.17425918579102,124.56572084128857,8.64187703836719,9.2078141385757,10.88569499658409,10.551433626939122,0.3342613696449685,0.438287583594359,0.438287583594359,0.7860567581225604,0.0037280491215134,79.13371027052077,non_drizzling,0.0059171597633136,sub_adiabatic,0.2775273322482589,0.27461068984577,0.2804439746507478,MATCHED,MOD06_L2.A2008227.1915.061.2017293020113.hdf,84.6,358.0,358.0,13.252989768981934,13.30215072631836,20.296422958374023,20.31111717224121,13.252989768981934,20.296422958374023,0.0491609573364257,0.0146942138671875,26.02106475830078,18.10744285583496,170.7039031982422,280.0275573730469,889.6787719726562,91.17624923341712,90.36887408643236,91.17624923341712,95.06795589717392,94.22611928389624,95.06795589717392,0.7319529692248674,0.7254714497383511,0.8073751469847537,0.7631951652116374,0.7564369928381136,0.8418366132776782,1.042683338001696,non_drizzling,Non
POST,RF16_P15,RF16,1839.0,295.41734313964844,296.4687042236328,36.297311782836914,-122.7869987487793,51.11699511855841,8.425774917881695,8.674028186704277,10.177815813151131,9.999691043058291,0.1781247700928396,0.427002233769173,0.427002233769173,0.8896390028743166,0.0037303194749164,80.6058762421836,non_drizzling,0.0027173913043478,sub_adiabatic,0.4845811037548262,0.419839285758462,0.524719572164508,MATCHED,MYD06_L2.A2008227.2055.061.2018036032954.hdf,10.1,188.0,188.0,12.123883247375488,12.737181663513184,17.58324432373047,17.7193603515625,12.123883247375488,17.58324432373047,0.6132984161376953,0.1361160278320312,23.934823989868164,45.48004150390625,135.5,279.6493225097656,849.2021484375,92.49314574208428,82.0739001036077,92.49314574208428,110.54884314448596,98.095644126002,110.54884314448596,1.8094401974834384,1.6056088569613545,10.419245638476582,2.1626631786176804,1.9190416787701128,12.453199018483955,1.195211193840782,non_drizzling,Non
MASE,RF05_P10,RF05,130.0,202.7,202.7,36.6925345,-122.447499,231.0125,6.590977514733522,6.594370584364061,10.1578282954903,10.145976992609723,0.0118513028805757,0.4804359689411644,0.4804359689411644,0.5522995007969883,0.003629945921683,41.86750000000001,non_drizzling,0.0,sub_adiabatic,,,,MATCHED,MOD06_L2.A2005197.1855.061.2017292062221.hdf,48.6,378.0,378.0,9.281243324279783,8.87992000579834,13.646427154541016,13.513015747070312,9.281243324279783,13.646427154541016,-0.4013233184814453,-0.1334114074707031,23.061885833740234,12.767888069152832,80.48148345947266,284.0636291503906,808.2275390625,267.8412135772779,297.6712065174404,267.8412135772779,189.93418805833383,211.08752519119784,189.93418805833383,1.1594230337201576,1.288550214890711,-29.82999294016247,0.8221814319932206,0.9137493650395448,-21.15333713286398,0.709129806879156,non_drizzling,Non
MASE,RF06_P16,RF06,840.0,218.9,221.4,36.346348,-122.477437,248.207,5.439589717512791,5.456446195322498,16.073475927131604,16.063127519293868,0.0103484078377356,0.4818750405314145,0.4818750405314145,0.4995778952882627,0.0037347429992955,68.46699999999998,non_drizzling,0.0,sub_adiabatic,,,,MATCHED,MOD06_L2.A2005198.1935.061.2017292063434.hdf,44.7,148.0,148.0,8.729121208190918,9.23716163635254,11.47499942779541,11.59655475616455,8.729121208190918,11.47499942779541,0.5080404281616211,0.1215553283691406,17.202627182006836,53.50535202026367,63.32432556152344,286.3599548339844,960.0,321.5396430657248,280.6096695861611,321.5396430657248,203.0294728179069,177.1850983613858,203.0294728179069,1.295449536337512,1.1305469611500123,40.92997347956373,0.8179844759330194,0.7138601987912743,25.844374456521138,0.6314290545393383,non_drizzling,Non
MASE,RF07_P08,RF07,1850.0,283.1,287.0,36.25737,-122.707392,163.29449999999997,7.567258681755005,7.70197190603093,12.725316718631968,12.644745984710418,0.0805707339215491,0.3500645894732965,0.3500645894732965,0.6980760438396155,0.0038334035522231,75.23000000000002,moderate_drizzling,0.0591397849462365,strongly_mixed,0.017984428117118,0.0,0.034077201447527,MATCHED,MOD06_L2.A2005199.1840.061.2017292062857.hdf,17.9,279.0,279.0,12.083404541015623,12.296594619750977,15.0499267578125,15.075664520263672,12.083404541015623,15.0499267578125,0.2131900787353515,0.0257377624511718,25.257448196411133,34.31619644165039,114.32257843017578,285.0,960.0,100.936366650784,96.7007529255828,100.936366650784,103.1342619282908,98.80641746690534,103.1342619282908,0.618124717310038,0.5921862213704859,4.235613725201205,0.631584419121837,0.6050811109186492,4.327844461385453,1.0217750583901144,moderate_drizzling,Transition
MASE,RF07_P19,RF07,680.0,295.2,295.2,38.059665,-123.051859,162.913,8.664909339744302,8.88050604061465,9.190584806200732,9.05749434010358,0.133090466097153,0.2404820228304317,0.2404820228304317,0.5188820328803561,0.0037532401592623,60.35850000000002,weak_drizzling,0.0144927536231884,strongly_mixed,0.0572493224932249,0.0572493224932249,0.0572493224932249,MATCHED,MOD06_L2.A2005199.1840.061.2017292062857.hdf,64.0,240.0,240.0,12.050374984741213,12.185291290283203,15.251666069030762,15.293208122253418,12.050374984741213,15.251666069030762,0.1349163055419922,0.0415420532226562,26.552064895629883,38.62578201293945,116.77916717529295,284.88995361328125,915.9583129882812,112.88161877046628,109.9323468173237,112.88161877046628,104.53610170318082,101.80487410206923,104.53610170318082,0.6928950959743316,0.6747917404831026,2.949271953142585,0.6416682628346468,0.6249033171206057,2.731227601111584,0.9260684143425046,weak_drizzling,Transition
MASE,RF08_P06,RF08,380.0,245.50000000000003,245.50000000000003,38.106703,-123.32571,120.836,9.187725252938682,9.421649763876296,10.764729749788955,10.093836509718912,0.6708932400700434,0.454569578286271,0.454569578286271,0.7628222565402558,0.0036913620533722,53.9675,moderate_drizzling,0.1025641025641025,sub_adiabatic,0.2995926680244399,0.0,0.8529531568228105,MATCHED,MOD06_L2.A2005200.1925.061.2017292071456.hdf,108.2,278.0,278.0,13.26841640472412,13.784747123718262,14.318957328796388,14.388919830322266,13.26841640472412,14.318957328796388,0.5163307189941406,0.0699625015258789,20.74025535583496,33.00361251831055,120.78057861328124,284.2090759277344,930.0,79.73853487732089,72.65698516867889,79.73853487732089,79.61905643330863,72.54811756096657,79.61905643330863,0.6598905531242418,0.6012859178446729,7.081549708642001,0.6589017878224092,0.6003849644225775,7.070938872342055,0.99850162228092,moderate_drizzling,Transition
MASE,RF08_P17,RF08,470.0,366.4,383.5,38.1747065,-124.1792755,127.528,7.174684962479785,7.563208939040342,9.802846524427036,9.696197156247772,0.1066493681792639,0.2370453760716286,0.2370453760716286,0.4984947316870636,0.0037692765277263,61.68650000000001,heavy_drizzling,0.3125,strongly_mixed,0.1563146458061712,0.0307692307692308,0.3614080834419817,MATCHED,MOD06_L2.A2005200.1925.061.2017292071456.hdf,0.1,308.0,308.0,11.637598037719728,11.964740753173828,12.055551528930664,12.107824325561523,11.637598037719728,12.055551528930664,0.3271427154541015,0.0522727966308593,21.20160865783692,27.83564567565918,89.717529296875,284.32623291015625,930.0,113.39906339404726,106.03497306406516,113.39906339404726,101.4014629726277,94.81649206922634,101.4014629726277,0.8892091414751839,0.8314642514903797,7.364090329982105,0.795130974943759,0.7434954838876665,6.584970903401356,0.8942001806511449,heavy_drizzling,Heavy
MASE,RF10_P11,RF10,360.0,266.9,268.19999999999993,38.267107,-123.990628,182.557,5.332162843207814,5.72104560026923,4.064080403074946,3.994944085030931,0.0691363180440145,0.2294190362324379,0.2294190362324379,0.4985706890599939,0.0035913465474405,22.4085,moderate_drizzling,0.081081081081081,strongly_mixed,0.2096694009445686,0.0447427293064877,0.3814317673378075,MATCHED,MOD06_L2.A2005203.1955.061.2017292073942.hdf,69.5,9.0,9.0,11.33888816833496,11.624444961547852,12.831110954284668,12.883333206176758,11.33888816833496,12.831110954284668,0.2855567932128906,0.0522222518920898,18.99465560913086,59.91696548461914,92.88888549804688,282.8399963378906,930.0,119.87061296548995,112.87306848701814,119.87061296548995,111.63876171209864,105.1217582424757,111.63876171209864,0.656620195147214,0.6182894574681779,6.997544478471809,0.6115282443954416,0.5758297859982127,6.517003469622921,0.9313271947999364,moderate_drizzling,Transition
MASE,RF12_P01,RF12,850.0,254.9,254.9,38.078165,-123.100791,384.807,5.579598286059801,5.590048671269432,17.671242868390348,17.64247615750957,0.0287667108807774,0.4317806318733175,0.4317806318733175,0.7456159755682674,0.0034343524130521,65.88449999999999,non_drizzling,0.0,sub_adiabatic,,,,MATCHED,MOD06_L2.A2005206.1850.061.2017292084504.hdf,102.9,295.0,295.0,8.088032722473145,8.065423011779785,14.274576187133787,14.25918674468994,8.088032722473145,14.274576187133787,-0.0226097106933593,-0.0153894424438476,26.706478118896484,30.399396896362305,72.8203353881836,281.739990234375,880.084716796875,263.93883860114937,265.6491571983784,263.93883860114937,274.02073242338383,275.79638149865394,274.02073242338383,0.6858992653489915,0.6903438793950691,-1.7103185972289907,0.7120991365109882,0.7167135252182365,-1.7756490752701095,1.0381978411198125,non_drizzling,Non
MASE,RF12_P05,RF12,760.0,227.6,227.6,38.103818,-123.11406,369.724,5.538063264443869,5.538368118226551,16.18699818548469,16.163725504963836,0.0232726805208542,0.5161218201320361,0.5161218201320361,0.7255824310965343,0.0034055596092566,59.02649999999999,non_drizzling,0.0,sub_adiabatic,,,,MATCHED,MOD06_L2.A2005206.1850.061.2017292084504.hdf,45.8,298.0,298.0,8.248254776000977,8.293288230895996,14.094998359680176,14.107985496520996,8.248254776000977,14.094998359680176,0.0450334548950195,0.0129871368408203,26.75458335876465,30.773605346679688,73.5604019165039,281.739990234375,880.0838623046875,279.3837084598011,275.7333736669449,279.3837084598011,259.2605317130181,255.8731196676139,259.2605317130181,0.7556547815662523,0.74578164703115,3.6503347928561993,0.7012272173648941,0.6920652153163276,3.3874120454042043,0.927972977172796,non_drizzling,Non
MASE,RF13_P01,RF13,1240.0,362.1,363.6,38.086903,-123.068943,360.6480000000001,6.086837576904801,6.104974677765929,26.934264291066498,26.826486204505134,0.107778086561364,0.471127921442728,0.471127921442728,0.7980022722969278,0.0035757114624339,121.007,weak_drizzling,0.016,sub_adiabatic,0.0871837183718372,0.0687568756875687,0.1056105610561056,MATCHED,MOD06_L2.A2005208.1835.061.2017292084129.hdf,84.7,207.0,207.0,11.014782905578612,10.704927444458008,25.69198226928711,25.520484924316406,11.014782905578612,25.69198226928711,-0.3098554611206054,-0.1714973449707031,28.97635078430176,46.17795181274414,179.1207733154297,283.21002197265625,905.0,162.92795825004058,174.39009088251524,162.92795825004058,169.85096261996853,181.80013501624808,169.85096261996853,0.4517644857313517,0.4835465353544597,-11.462132632474663,0.4709605005988345,0.504093007631397,-11.94917239627955,1.0424911994496575,weak_drizzling,Transition
VOCALS,081014a_P02,081014a,77.0,135.0999999999999,135.19999999999993,-18.9728215,-72.3685585,253.1405,5.230483213119661,5.238108118542142,4.5605969777075455,4.5578416011999385,0.0027553765076069,0.3900011970607576,0.3900011970607576,0.6646668837784652,0.003025864808994,15.923499999999988,non_drizzling,0.0,strongly_mixed,,,,MATCHED,MYD06_L2.A2008288.1830.061.2018038220501.hdf,85.3,287.0,287.0,8.74118423461914,7.8564453125,8.544774055480957,8.392578125,8.74118423461914,8.544774055480957,-0.8847389221191406,-0.152195930480957,29.842960357666016,17.053380966186523,47.64111328125,232.6972198486328,302.8222961425781,168.2939223155549,217.78416139601617,168.2939223155549,174.59574991521055,225.93916913586744,174.59574991521055,0.664824168063012,0.8603291902955718,-49.49023908046127,0.689718752689556,0.8925445321308422,-51.3434192206569,1.037445366493031,non_drizzling,Non
VOCALS,081014a_P04,081014a,669.0,217.2,276.60000000000014,-18.7800825,-71.162254,137.748,2.074159389709368,2.074159389709368,4.233958169800414,4.233546083957545,0.0004120858428686,0.3901273384127937,0.3901273384127937,0.7181250899575469,0.0031953669522871,38.63950000000008,non_drizzling,0.0,strongly_mixed,,,,MATCHED,MYD06_L2.A2008288.1830.061.2018038220501.hdf,9.0,358.0,358.0,6.228574752807617,6.1314239501953125,7.943212032318115,7.928826808929443,6.228574752807617,7.943212032318115,-0.0971508026123046,-0.0143852233886718,30.883180618286133,5.980717182159424,30.885475158691406,279.7226867675781,838.784912109375,360.147142028475,374.2438725982028,360.147142028475,392.7674016602264,408.1409409491721,392.7674016602264,2.6145362693358525,2.7168733672953715,-14.09673056972781,2.8513474000364902,2.962953661390163,-15.373539288945665,1.0905748118616816,non_drizzling,Non
VOCALS,081017a_P02,081017a,1152.0,345.30000000000007,360.1,-18.900125,-71.303858,117.824,3.946434170375104,3.87303813335951,18.90730511467744,18.674226374507224,0.2330787401702139,0.4205671548919111,0.4205671548919111,0.7550907289640362,0.0030864532094819,100.59750000000015,non_drizzling,0.003940110323089,sub_adiabatic,0.4760729976343357,0.4270023656640755,0.5089557282865831,MATCHED,MOD06_L2.A2008291.1435.061.2017294032742.hdf,75.9,190.0,190.0,7.379315376281738,7.385315418243408,14.500737190246582,14.439157485961914,7.379315376281738,14.500737190246582,0.0060000419616699,-0.0615797042846679,29.3791732788086,51.28768539428711,69.14210510253906,279.4325256347656,825.0,309.09599991151333,307.8129087683298,309.09599991151333,347.34729597338685,345.90541953629344,347.34729597338685,2.6233704500909267,2.612480553777921,1.283091143183526,2.948018196406393,2.9357806519579497,1.4418764370934127,1.1237521549059966,non_drizzling,Non
VOCALS,081025a_P06,081025a,453.0,192.70000000000005,192.70000000000005,-19.828481,-74.500324,191.182,6.06165139053503,6.083086494897402,7.449185812198507,7.401146396634726,0.0480394155637808,0.5758420709591896,0.5758420709591896,0.8290505224830447,0.0027936795450913,32.580500000000015,non_drizzling,0.0,sub_adiabatic,,,,MATCHED,MOD06_L2.A2008299.1520.061.2017297174731.hdf,60.8,279.0,279.0,8.387024879455566,8.4954833984375,9.531683921813965,9.533870697021484,8.387024879455566,9.531683921813965,0.1084585189819336,0.0021867752075195,20.035982131958008,18.77659797668457,53.16487503051758,277.66314697265625,627.2222290039062,184.5075389699978,178.6954597231724,184.5075389699978,204.49092920861847,198.04936323005583,204.49092920861847,0.9650884443619054,0.9346876783545124,5.812079246825391,1.0696139239500502,1.0359205533473643,6.441565978562636,1.1083066326187905,non_drizzling,Non
VOCALS,081025a_P09,081025a,397.0,222.79999999999995,231.1000000000001,-19.998193,-75.257385,228.403,4.857672671262916,5.116262460160995,6.306237694809955,6.113507994391182,0.1927297004187727,0.2822306735660586,0.2822306735660586,0.6317682532086498,0.002861625870113,25.605500000000006,non_drizzling,0.0,strongly_mixed,,,,MATCHED,MOD06_L2.A2008299.1520.061.2017297174731.hdf,7.5,440.0,440.0,9.73945426940918,9.830477714538574,16.499683380126953,16.51520347595215,9.73945426940918,16.499683380126953,0.0910234451293945,0.0155200958251953,20.723100662231445,12.736767768859863,109.68636322021484,276.3783874511719,577.772705078125,155.32527049003008,151.8260443557819,155.32527049003008,185.14428413016503,180.973284037321,185.14428413016503,0.6800491696257496,0.6647287660660408,3.4992261342481754,0.8106035565652161,0.792341974655854,4.171000092844025,1.191977863911391,non_drizzling,Non
VOCALS,081026a_P02,081026a,68.0,111.89999999999998,130.29999999999995,-19.997714,-72.444889,404.445,3.77663162216889,3.783601638216207,5.516770810635616,5.4942365145652605,0.0225342960703551,0.6302681786401365,0.6302681786401365,0.6349557915207003,0.0030200895666742,17.690499999999993,non_drizzling,0.0,sub_adiabatic,,,,MATCHED,MOD06_L2.A2008300.1425.061.2017297173917.hdf,38.7,31.0,31.0,5.922258377075195,6.176774024963379,10.368709564208984,10.452903747558594,5.922258377075195,10.368709564208984,0.2545156478881836,0.0841941833496093,30.544727325439453,59.85612869262695,38.58064651489258,279.12030029296875,765.6451416015625,652.3238038650287,589.5673736886484,652.3238038650287,509.04132191658255,460.0692991474116,509.04132191658255,1.6128863105367324,1.4577195259890676,62.75643017638026,1.25861692422105,1.1375324188639038,48.97202276917096,0.7803506769192,non_drizzling,Non
VOCALS,081028a_P12,081028a,723.0,532.9999999999999,532.9999999999999,-18.525346,-76.329175,96.623,11.158139180792343,12.573620868661976,24.586301376053346,19.612454058713123,4.973847317340223,0.4295073355016202,0.4295073355016202,0.8185917932661737,0.0030768737795389,165.09499999999994,heavy_drizzling,0.2082810539523212,sub_adiabatic,0.4446381887239185,0.0161421595225176,0.6877373846988605,MATCHED,MOD06_L2.A2008302.1550.061.2017294051641.hdf,68.6,174.0,174.0,11.939483642578123,11.97402286529541,15.169770240783691,15.180804252624512,11.939483642578123,15.169770240783691,0.0345392227172851,0.0110340118408203,13.983421325683594,53.55944061279297,121.5862045288086,277.6307373046875,593.5057373046875,88.36667666243571,87.76271806765381,88.36667666243571,106.69269856505667,105.96348734276532,106.69269856505667,0.9145511592730065,0.9083004881617608,0.6039585947819006,1.1042163725516356,1.0966693990329974,0.7292112222913687,1.2073861165179622,heavy_drizzling,Heavy
VOCALS,081028a_P16,081028a,66.0,414.9,414.9,-18.5123175,-77.2961155,123.2885,9.918906913950153,10.935189158108454,21.45501001128564,18.003598206684917,3.4514118046007205,0.4466006632478444,0.4466006632478444,0.8193519123210168,0.002975169833835,141.70900000000003,heavy_drizzling,0.4729729729729729,sub_adiabatic,0.2741934373170816,0.0,0.6403952759701131,MATCHED,MOD06_L2.A2008302.1550.061.2017294051641.hdf,53.2,208.0,208.0,12.436298370361328,12.648268699645996,22.2983627319336,22.35129737854004,12.436298370361328,22.2983627319336,0.2119703292846679,0.0529346466064453,14.83846664428711,49.26952362060547,181.423080444336,277.5281066894531,594.326904296875,96.9268016905058,93.02697254904494,96.9268016905058,116.8201382454334,112.11990496121008,116.8201382454334,0.7861787732879045,0.7545470384427172,3.89982914146087,0.9475347517849062,0.9094108936454744,4.700233284223344,1.205240823053756,heavy_drizzling,Heavy
VOCALS,081028a_P18,081028a,138.0,266.20000000000005,266.20000000000005,-18.502853,-77.327341,147.822,8.727306074231796,9.427542504894951,15.386843663304678,13.68043164597986,1.7064120173248174,0.6366373511669983,0.6366373511669983,0.7807186846564265,0.0029674901089947,90.3505,moderate_drizzling,0.1176470588235294,sub_adiabatic,0.3629685282577843,0.1329827197595796,0.6393688955672427,MATCHED,MOD06_L2.A2008302.1550.061.2017294051641.hdf,35.5,208.0,208.0,12.378220558166504,12.58754825592041,22.15966415405273,22.212451934814453,12.378220558166504,22.15966415405273,0.2093276977539062,0.0527877807617187,14.86478042602539,49.11030578613281,179.0625,277.57684326171875,594.6153564453125,122.34107863520778,117.45773975827284,122.34107863520778,117.82707740786972,113.12391838491266,117.82707740786972,0.8276242956745801,0.7945890311203531,4.883338876934943,0.7970875607681516,0.7652711936309389,4.703159022957053,0.9631031434601148,moderate_drizzling,Transition
VOCALS,081103a_P04,081103a,628.0,103.39999999999998,128.10000000000002,-18.500712,-73.2002015,214.046,5.482059858343428,5.51018696546344,3.087215331823276,3.0773659978762065,0.0098493339470695,0.5123552057746457,0.5123552057746457,0.6177067749437698,0.0033974513734396,13.055499999999988,non_drizzling,0.0,sub_adiabatic,,,,MATCHED,MOD06_L2.A2008308.1515.061.2017294220104.hdf,40.9,385.0,383.0,7.419116497039795,7.615143299102783,6.076596736907959,6.124935150146484,7.425064563751221,6.08720588684082,0.1900787353515625,0.037729263305664,19.013147354125977,13.927254676818848,28.73766326904297,281.5780334472656,856.5454711914062,279.46003194498013,262.8606150400195,279.1440545669155,221.84967261544887,208.67220612643808,221.5988336049841,1.3056073551712255,1.2280566562328636,16.28343952689596,1.0364579231354425,0.9748942102465736,12.92662747854598,0.793851167451117,non_drizzling,Non
VOCALS,081103a_P10,081103a,77.0,197.4,197.4,-18.49562,-71.05601300000001,268.409,5.590503476430321,5.63619800414158,7.86539967017849,7.773152101254133,0.0922475689243569,0.3620025905767057,0.3620025905767057,0.4846320220911038,0.0037076628680062,29.41199999999999,non_drizzling,0.0,strongly_mixed,,,,MATCHED,MOD06_L2.A2008308.1515.061.2017294220104.hdf,81.9,272.0,269.0,10.198124885559082,9.49602222442627,12.667315483093262,12.637434005737305,10.157434463500977,12.762749671936035,-0.661412239074707,-0.1253156661987304,17.021255493164062,31.14895439147949,82.28308868408203,282.6149597167969,829.7610473632812,203.8569234318064,243.3655671564676,206.67885194426063,144.59408885045548,172.6172545340858,146.59566022311455,0.7595010727352897,0.9066967469662623,-36.686715212206906,0.5387080494709771,0.6431127664649314,-26.02159431097124,0.7092920192078965,non_drizzling,Non
VOCALS,081110a_P01,081110a,139.0,283.0,283.0,-19.657104,-74.0598755,264.909,6.735423498748489,7.494208527318163,23.979996251516777,20.61093452307403,3.369061728442748,0.6948616844710389,0.6948616844710389,0.8035085295955957,0.0031079207687672,108.748,moderate_drizzling,0.0974025974025974,sub_adiabatic,0.5961601884570081,0.1187279151943463,0.8696113074204944,MATCHED,MOD06_L2.A2008315.1520.061.2017294231532.hdf,64.8,385.0,385.0,8.10184383392334,8.25709056854248,10.07467555999756,10.08815574645996,8.10184383392334,10.07467555999756,0.1552467346191406,0.0134801864624023,18.08254051208496,21.92464256286621,55.30908966064453,279.85113525390625,678.3766479492188,247.2519136758332,235.951131898435,247.2519136758332,229.22655406534147,218.74963104959625,229.22655406534147,0.9333465970421284,0.8906874885278907,11.300781777398186,0.8653030061845445,0.8257538666092743,10.476923015745228,0.9270971886829382,moderate_drizzling,Transition
